Region label,Unit of measure,Commodity,Year,Value
New South Wales,number,Total cattle,1912,3033726
Victoria,number,Total cattle,1912,1508089
Queensland,number,Total cattle,1912,5210891
South Australia,number,Total cattle,1912,383418
Western Australia,number,Total cattle,1912,806294
Tasmania,number,Total cattle,1912,222181
Northern Territory,number,Total cattle,1912,405552
Australian Capital Territory,number,Total cattle,1912,7108
New South Wales,number,Total cattle,1913,2815113
Victoria,number,Total cattle,1913,1528553
Queensland,number,Total cattle,1913,5322033
South Australia,number,Total cattle,1913,352905
Western Australia,number,Total cattle,1913,834265
Tasmania,number,Total cattle,1913,205743
Northern Territory,number,Total cattle,1913,417643
Australian Capital Territory,number,Total cattle,1913,7627
New South Wales,number,Total cattle,1914,2472631
Victoria,number,Total cattle,1914,1362542
Queensland,number,Total cattle,1914,5455943
South Australia,number,Total cattle,1914,300579
Western Australia,number,Total cattle,1914,863835
Tasmania,number,Total cattle,1914,176524
Northern Territory,number,Total cattle,1914,414558
Australian Capital Territory,number,Total cattle,1914,4961
New South Wales,number,Total cattle,1915,2400104
Victoria,number,Total cattle,1915,1043604
Queensland,number,Total cattle,1915,4780893
South Australia,number,Total cattle,1915,226565
Western Australia,number,Total cattle,1915,821048
Tasmania,number,Total cattle,1915,169575
Northern Territory,number,Total cattle,1915,483961
Australian Capital Territory,number,Total cattle,1915,5666
New South Wales,number,Total cattle,1916,2757713
Victoria,number,Total cattle,1916,1175098
Queensland,number,Total cattle,1916,4765657
South Australia,number,Total cattle,1916,288887
Western Australia,number,Total cattle,1916,863930
Tasmania,number,Total cattle,1916,179360
Northern Territory,number,Total cattle,1916,420362
Australian Capital Territory,number,Total cattle,1916,8230
New South Wales,number,Total cattle,1917,3148309
Victoria,number,Total cattle,1917,1371049
Queensland,number,Total cattle,1917,5316558
South Australia,number,Total cattle,1917,313245
Western Australia,number,Total cattle,1917,927086
Tasmania,number,Total cattle,1917,197938
Northern Territory,number,Total cattle,1917,541545
Australian Capital Territory,number,Total cattle,1917,13408
New South Wales,number,Total cattle,1918,3271782
Victoria,number,Total cattle,1918,1596544
Queensland,number,Total cattle,1918,5786744
South Australia,number,Total cattle,1918,342768
Western Australia,number,Total cattle,1918,943847
Tasmania,number,Total cattle,1918,218234
Northern Territory,number,Total cattle,1918,570039
Australian Capital Territory,number,Total cattle,1918,8894
New South Wales,number,Total cattle,1919,3075954
Victoria,number,Total cattle,1919,1631120
Queensland,number,Total cattle,1919,5940433
South Australia,number,Total cattle,1919,349562
Western Australia,number,Total cattle,1919,880644
Tasmania,number,Total cattle,1919,214442
Northern Territory,number,Total cattle,1919,610534
Australian Capital Territory,number,Total cattle,1919,8378
New South Wales,number,Total cattle,1920,3367880
Victoria,number,Total cattle,1920,1575159
Queensland,number,Total cattle,1920,6455067
South Australia,number,Total cattle,1920,376399
Western Australia,number,Total cattle,1920,849803
Tasmania,number,Total cattle,1920,208202
Northern Territory,number,Total cattle,1920,659840
Australian Capital Territory,number,Total cattle,1920,7387
New South Wales,number,Total cattle,1921,3538240
Victoria,number,Total cattle,1921,1750369
Queensland,number,Total cattle,1921,7047370
South Australia,number,Total cattle,1921,419197
Western Australia,number,Total cattle,1921,893108
Tasmania,number,Total cattle,1921,216704
Northern Territory,number,Total cattle,1921,568031
Australian Capital Territory,number,Total cattle,1921,8290
New South Wales,number,Total cattle,1922,3244905
Victoria,number,Total cattle,1922,1785660
Queensland,number,Total cattle,1922,6955463
South Australia,number,Total cattle,1922,425811
Western Australia,number,Total cattle,1922,939596
Tasmania,number,Total cattle,1922,218197
Northern Territory,number,Total cattle,1922,760766
Australian Capital Territory,number,Total cattle,1922,6275
New South Wales,number,Total cattle,1923,2932437
Victoria,number,Total cattle,1923,1591367
Queensland,number,Total cattle,1923,6396514
South Australia,number,Total cattle,1923,413272
Western Australia,number,Total cattle,1923,953764
Tasmania,number,Total cattle,1923,220351
Northern Territory,number,Total cattle,1923,843718
Australian Capital Territory,number,Total cattle,1923,6085
New South Wales,number,Total cattle,1924,2871196
Victoria,number,Total cattle,1924,1605554
Queensland,number,Total cattle,1924,6454653
South Australia,number,Total cattle,1924,400423
Western Australia,number,Total cattle,1924,891564
Tasmania,number,Total cattle,1924,225740
Northern Territory,number,Total cattle,1924,855285
Australian Capital Territory,number,Total cattle,1924,5058
New South Wales,number,Total cattle,1925,2931818
Victoria,number,Total cattle,1925,1513787
Queensland,number,Total cattle,1925,6436645
South Australia,number,Total cattle,1925,373597
Western Australia,number,Total cattle,1925,835911
Tasmania,number,Total cattle,1925,212373
Northern Territory,number,Total cattle,1925,970342
Australian Capital Territory,number,Total cattle,1925,5312
New South Wales,number,Total cattle,1926,2813144
Victoria,number,Total cattle,1926,1435761
Queensland,number,Total cattle,1926,5464845
South Australia,number,Total cattle,1926,340007
Western Australia,number,Total cattle,1926,827303
Tasmania,number,Total cattle,1926,213112
Northern Territory,number,Total cattle,1926,863597
Australian Capital Territory,number,Total cattle,1926,5509
New South Wales,number,Total cattle,1927,2848654
Victoria,number,Total cattle,1927,1327077
Queensland,number,Total cattle,1927,5225804
South Australia,number,Total cattle,1927,316314
Western Australia,number,Total cattle,1927,846735
Tasmania,number,Total cattle,1927,210894
Northern Territory,number,Total cattle,1927,835390
Australian Capital Territory,number,Total cattle,1927,6188
New South Wales,number,Total cattle,1928,2784615
Victoria,number,Total cattle,1928,1304426
Queensland,number,Total cattle,1928,5128341
South Australia,number,Total cattle,1928,263016
Western Australia,number,Total cattle,1928,837527
Tasmania,number,Total cattle,1928,208812
Northern Territory,number,Total cattle,1928,768751
Australian Capital Territory,number,Total cattle,1928,5269
New South Wales,number,Total cattle,1929,2686132
Victoria,number,Total cattle,1929,1335242
Queensland,number,Total cattle,1929,5208588
South Australia,number,Total cattle,1929,204516
Western Australia,number,Total cattle,1929,836646
Tasmania,number,Total cattle,1929,214643
Northern Territory,number,Total cattle,1929,711607
Australian Capital Territory,number,Total cattle,1929,4760
New South Wales,number,Total cattle,1930,2840473
Victoria,number,Total cattle,1930,1429920
Queensland,number,Total cattle,1930,5463724
South Australia,number,Total cattle,1930,218985
Western Australia,number,Total cattle,1930,812844
Tasmania,number,Total cattle,1930,230254
Northern Territory,number,Total cattle,1930,720476
Australian Capital Territory,number,Total cattle,1930,4240
New South Wales,number,Total cattle,1931,2993586
Victoria,number,Total cattle,1931,1637530
Queensland,number,Total cattle,1931,5550399
South Australia,number,Total cattle,1931,265324
Western Australia,number,Total cattle,1931,826532
Tasmania,number,Total cattle,1931,232444
Northern Territory,number,Total cattle,1931,749745
Australian Capital Territory,number,Total cattle,1931,5395
New South Wales,number,Total cattle,1932,3141174
Victoria,number,Total cattle,1932,1900922
Queensland,number,Total cattle,1932,5535065
South Australia,number,Total cattle,1932,312932
Western Australia,number,Total cattle,1932,857473
Tasmania,number,Total cattle,1932,250807
Northern Territory,number,Total cattle,1932,780121
Australian Capital Territory,number,Total cattle,1932,4643
New South Wales,number,Total cattle,1933,3361771
Victoria,number,Total cattle,1933,2002235
Queensland,number,Total cattle,1933,5781170
South Australia,number,Total cattle,1933,352728
Western Australia,number,Total cattle,1933,885669
Tasmania,number,Total cattle,1933,262256
Northern Territory,number,Total cattle,1933,859867
Australian Capital Territory,number,Total cattle,1933,6790
New South Wales,number,Total cattle,1934,3482831
Victoria,number,Total cattle,1934,2085080
Queensland,number,Total cattle,1934,6052641
South Australia,number,Total cattle,1934,346479
Western Australia,number,Total cattle,1934,911940
Tasmania,number,Total cattle,1934,261588
Northern Territory,number,Total cattle,1934,899679
Australian Capital Territory,number,Total cattle,1934,8433
New South Wales,number,Total cattle,1935,3388538
Victoria,number,Total cattle,1935,2091246
Queensland,number,Total cattle,1935,6033004
South Australia,number,Total cattle,1935,335354
Western Australia,number,Total cattle,1935,882761
Tasmania,number,Total cattle,1935,270035
Northern Territory,number,Total cattle,1935,900535
Australian Capital Territory,number,Total cattle,1935,10186
New South Wales,number,Total cattle,1936,3288169
Victoria,number,Total cattle,1936,2004959
Queensland,number,Total cattle,1936,5950572
South Australia,number,Total cattle,1936,328013
Western Australia,number,Total cattle,1936,792508
Tasmania,number,Total cattle,1936,261597
Northern Territory,number,Total cattle,1936,855398
Australian Capital Territory,number,Total cattle,1936,9856
New South Wales,number,Total cattle,1937,3019581
Victoria,number,Total cattle,1937,1880429
Queensland,number,Total cattle,1937,5959165
South Australia,number,Total cattle,1937,324163
Western Australia,number,Total cattle,1937,740241
Tasmania,number,Total cattle,1937,254812
Northern Territory,number,Total cattle,1937,891640
Australian Capital Territory,number,Total cattle,1937,8325
New South Wales,number,Total cattle,1938,2811884
Victoria,number,Total cattle,1938,1697295
Queensland,number,Total cattle,1938,6097089
South Australia,number,Total cattle,1938,318897
Western Australia,number,Total cattle,1938,767680
Tasmania,number,Total cattle,1938,262407
Northern Territory,number,Total cattle,1938,899472
Australian Capital Territory,number,Total cattle,1938,7057
New South Wales,number,Total cattle,1939,2811884
Victoria,number,Total cattle,1939,1697295
Queensland,number,Total cattle,1939,6097089
South Australia,number,Total cattle,1939,318897
Western Australia,number,Total cattle,1939,767680
Tasmania,number,Total cattle,1939,262407
Northern Territory,number,Total cattle,1939,899472
Australian Capital Territory,number,Total cattle,1939,7057
New South Wales,number,Total cattle,1940,2762653
Victoria,number,Total cattle,1940,1787597
Queensland,number,Total cattle,1940,6198798
South Australia,number,Total cattle,1940,351013
Western Australia,number,Total cattle,1940,799175
Tasmania,number,Total cattle,1940,252484
Northern Territory,number,Total cattle,1940,922581
Australian Capital Territory,number,Total cattle,1940,5879
New South Wales,number,Total cattle,1941,2769061
Victoria,number,Total cattle,1941,1922336
Queensland,number,Total cattle,1941,6210810
South Australia,number,Total cattle,1941,376654
Western Australia,number,Total cattle,1941,788928
Tasmania,number,Total cattle,1941,259108
Northern Territory,number,Total cattle,1941,922308
Australian Capital Territory,number,Total cattle,1941,6636
New South Wales,number,Total cattle,1942,2878450
Victoria,number,Total cattle,1942,1986544
Queensland,number,Total cattle,1942,6303467
South Australia,number,Total cattle,1942,399143
Western Australia,number,Total cattle,1942,839731
Tasmania,number,Total cattle,1942,253106
Northern Territory,number,Total cattle,1942,892881
Australian Capital Territory,number,Total cattle,1942,7432
New South Wales,number,Total cattle,1943,3030546
Victoria,number,Total cattle,1943,2022892
Queensland,number,Total cattle,1943,6466316
South Australia,number,Total cattle,1943,424253
Western Australia,number,Total cattle,1943,831231
Tasmania,number,Total cattle,1943,244681
Northern Territory,number,Total cattle,1943,978434
Australian Capital Territory,number,Total cattle,1943,6967
New South Wales,number,Total cattle,1944,3143378
Victoria,number,Total cattle,1944,2013033
Queensland,number,Total cattle,1944,6524553
South Australia,number,Total cattle,1944,414997
Western Australia,number,Total cattle,1944,870939
Tasmania,number,Total cattle,1944,230127
Northern Territory,number,Total cattle,1944,978569
Australian Capital Territory,number,Total cattle,1944,8083
New South Wales,number,Total cattle,1945,3144701
Victoria,number,Total cattle,1945,1903110
Queensland,number,Total cattle,1945,6623112
South Australia,number,Total cattle,1945,391323
Western Australia,number,Total cattle,1945,852563
Tasmania,number,Total cattle,1945,224668
Northern Territory,number,Total cattle,1945,984370
Australian Capital Territory,number,Total cattle,1945,9320
New South Wales,number,Total cattle,1946,3116834
Victoria,number,Total cattle,1946,1827087
Queensland,number,Total cattle,1946,6542210
South Australia,number,Total cattle,1946,374096
Western Australia,number,Total cattle,1946,833567
Tasmania,number,Total cattle,1946,216306
Northern Territory,number,Total cattle,1946,960039
Australian Capital Territory,number,Total cattle,1946,7867
New South Wales,number,Total cattle,1947,2983093
Victoria,number,Total cattle,1947,2060061
Queensland,number,Total cattle,1947,5945285
South Australia,number,Total cattle,1947,423980
Western Australia,number,Total cattle,1947,811949
Tasmania,number,Total cattle,1947,220119
Northern Territory,number,Total cattle,1947,972990
Australian Capital Territory,number,Total cattle,1947,9169
New South Wales,number,Total cattle,1948,3129700
Victoria,number,Total cattle,1948,2174200
Queensland,number,Total cattle,1948,5975500
South Australia,number,Total cattle,1948,445300
Western Australia,number,Total cattle,1948,815600
Tasmania,number,Total cattle,1948,244100
Northern Territory,number,Total cattle,1948,991429
Australian Capital Territory,number,Total cattle,1948,8748
New South Wales,number,Total cattle,1949,3252800
Victoria,number,Total cattle,1949,2224500
Queensland,number,Total cattle,1949,5991800
South Australia,number,Total cattle,1949,461100
Western Australia,number,Total cattle,1949,864100
Tasmania,number,Total cattle,1949,266400
Northern Territory,number,Total cattle,1949,1052811
Australian Capital Territory,number,Total cattle,1949,10071
New South Wales,number,Total cattle,1950,3440500
Victoria,number,Total cattle,1950,2230900
Queensland,number,Total cattle,1950,6304800
South Australia,number,Total cattle,1950,464100
Western Australia,number,Total cattle,1950,864900
Tasmania,number,Total cattle,1950,274700
Northern Territory,number,Total cattle,1950,1049000
Australian Capital Territory,number,Total cattle,1950,11000
New South Wales,number,Total cattle,1951,3703000
Victoria,number,Total cattle,1951,2216300
Queensland,number,Total cattle,1951,6734000
South Australia,number,Total cattle,1951,432600
Western Australia,number,Total cattle,1951,841000
Tasmania,number,Total cattle,1951,271900
Northern Territory,number,Total cattle,1951,1019000
Australian Capital Territory,number,Total cattle,1951,11000
New South Wales,number,Total cattle,1952,3621000
Victoria,number,Total cattle,1952,2215000
Queensland,number,Total cattle,1952,6435000
South Australia,number,Total cattle,1952,437500
Western Australia,number,Total cattle,1952,852000
Tasmania,number,Total cattle,1952,265000
Northern Territory,number,Total cattle,1952,1058000
Australian Capital Territory,number,Total cattle,1952,10000
New South Wales,number,Total cattle,1953,3648700
Victoria,number,Total cattle,1953,2297200
Queensland,number,Total cattle,1953,6751400
South Australia,number,Total cattle,1953,482600
Western Australia,number,Total cattle,1953,846300
Tasmania,number,Total cattle,1953,275100
Northern Territory,number,Total cattle,1953,936000
Australian Capital Territory,number,Total cattle,1953,10000
New South Wales,number,Total cattle,1954,3554000
Victoria,number,Total cattle,1954,2370200
Queensland,number,Total cattle,1954,7086200
South Australia,number,Total cattle,1954,490900
Western Australia,number,Total cattle,1954,829700
Tasmania,number,Total cattle,1954,295200
Northern Territory,number,Total cattle,1954,966000
Australian Capital Territory,number,Total cattle,1954,9000
New South Wales,number,Total cattle,1955,3460700
Victoria,number,Total cattle,1955,2456300
Queensland,number,Total cattle,1955,7238100
South Australia,number,Total cattle,1955,523800
Western Australia,number,Total cattle,1955,860600
Tasmania,number,Total cattle,1955,319400
Northern Territory,number,Total cattle,1955,0
Australian Capital Territory,number,Total cattle,1955,0
New South Wales,number,Total cattle,1956,3678600
Victoria,number,Total cattle,1956,2616600
Queensland,number,Total cattle,1956,7331000
South Australia,number,Total cattle,1956,566100
Western Australia,number,Total cattle,1956,896900
Tasmania,number,Total cattle,1956,332000
Northern Territory,number,Total cattle,1956,1028000
Australian Capital Territory,number,Total cattle,1956,9000
New South Wales,number,Total cattle,1957,3910800
Victoria,number,Total cattle,1957,2765000
Queensland,number,Total cattle,1957,7461700
South Australia,number,Total cattle,1957,621600
Western Australia,number,Total cattle,1957,957200
Tasmania,number,Total cattle,1957,354000
Northern Territory,number,Total cattle,1957,1176000
Australian Capital Territory,number,Total cattle,1957,11000
New South Wales,number,Total cattle,1958,3736300
Victoria,number,Total cattle,1958,2749600
Queensland,number,Total cattle,1958,7187200
South Australia,number,Total cattle,1958,597200
Western Australia,number,Total cattle,1958,997000
Tasmania,number,Total cattle,1958,371000
Northern Territory,number,Total cattle,1958,1244000
Australian Capital Territory,number,Total cattle,1958,10000
New South Wales,number,Total cattle,1959,3663500
Victoria,number,Total cattle,1959,2651000
Queensland,number,Total cattle,1959,6884200
South Australia,number,Total cattle,1959,576100
Western Australia,number,Total cattle,1959,1000000
Tasmania,number,Total cattle,1959,374000
Northern Territory,number,Total cattle,1959,1099000
Australian Capital Territory,number,Total cattle,1959,9000
New South Wales,number,Total cattle,1960,3840600
Victoria,number,Total cattle,1960,2624000
Queensland,number,Total cattle,1960,7012000
South Australia,number,Total cattle,1960,499700
Western Australia,number,Total cattle,1960,1030000
Tasmania,number,Total cattle,1960,375000
Northern Territory,number,Total cattle,1960,1111000
Australian Capital Territory,number,Total cattle,1960,11000
New South Wales,number,Total cattle,1961,4241900
Victoria,number,Total cattle,1961,2863800
Queensland,number,Total cattle,1961,7004100
South Australia,number,Total cattle,1961,560700
Western Australia,number,Total cattle,1961,1100000
Tasmania,number,Total cattle,1961,394000
Northern Territory,number,Total cattle,1961,1154000
Australian Capital Territory,number,Total cattle,1961,13000
New South Wales,number,Total cattle,1962,4398700
Victoria,number,Total cattle,1962,3155900
Queensland,number,Total cattle,1962,7097900
South Australia,number,Total cattle,1962,659500
Western Australia,number,Total cattle,1962,1218000
Tasmania,number,Total cattle,1962,425000
Northern Territory,number,Total cattle,1962,1064000
Australian Capital Territory,number,Total cattle,1962,14000
New South Wales,number,Total cattle,1963,4569100
Victoria,number,Total cattle,1963,3225200
Queensland,number,Total cattle,1963,7233600
South Australia,number,Total cattle,1963,678700
Western Australia,number,Total cattle,1963,1298000
Tasmania,number,Total cattle,1963,444000
Northern Territory,number,Total cattle,1963,1087000
Australian Capital Territory,number,Total cattle,1963,14000
New South Wales,number,Total cattle,1964,4789000
Victoria,number,Total cattle,1964,3300700
Queensland,number,Total cattle,1964,7402300
South Australia,number,Total cattle,1964,694300
Western Australia,number,Total cattle,1964,1299000
Tasmania,number,Total cattle,1964,450000
Northern Territory,number,Total cattle,1964,1105000
Australian Capital Territory,number,Total cattle,1964,15000
New South Wales,number,Total cattle,1965,4619100
Victoria,number,Total cattle,1965,3316400
Queensland,number,Total cattle,1965,7392500
South Australia,number,Total cattle,1965,696500
Western Australia,number,Total cattle,1965,1258000
Tasmania,number,Total cattle,1965,451000
Northern Territory,number,Total cattle,1965,1068000
Australian Capital Territory,number,Total cattle,1965,14000
New South Wales,number,Total cattle,1966,4152900
Victoria,number,Total cattle,1966,3397000
Queensland,number,Total cattle,1966,6888000
South Australia,number,Total cattle,1966,690000
Western Australia,number,Total cattle,1966,1271000
Tasmania,number,Total cattle,1966,492000
Northern Territory,number,Total cattle,1966,1032000
Australian Capital Territory,number,Total cattle,1966,13000
New South Wales,number,Total cattle,1967,4145700
Victoria,number,Total cattle,1967,3528200
Queensland,number,Total cattle,1967,6919000
South Australia,number,Total cattle,1967,687000
Western Australia,number,Total cattle,1967,1357000
Tasmania,number,Total cattle,1967,522000
Northern Territory,number,Total cattle,1967,1097000
Australian Capital Territory,number,Total cattle,1967,14000
New South Wales,number,Total cattle,1968,4554500
Victoria,number,Total cattle,1968,3474200
Queensland,number,Total cattle,1968,7361000
South Australia,number,Total cattle,1968,695200
Western Australia,number,Total cattle,1968,1427000
Tasmania,number,Total cattle,1968,564000
Northern Territory,number,Total cattle,1968,1130000
Australian Capital Territory,number,Total cattle,1968,13000
New South Wales,number,Total cattle,1969,4864400
Victoria,number,Total cattle,1969,3877800
Queensland,number,Total cattle,1969,7668000
South Australia,number,Total cattle,1969,865100
Western Australia,number,Total cattle,1969,1546000
Tasmania,number,Total cattle,1969,586000
Northern Territory,number,Total cattle,1969,1185000
Australian Capital Territory,number,Total cattle,1969,14000
New South Wales,number,Total cattle,1970,5637000
Victoria,number,Total cattle,1970,4462400
Queensland,number,Total cattle,1970,7515000
South Australia,number,Total cattle,1970,1026100
Western Australia,number,Total cattle,1970,1681000
Tasmania,number,Total cattle,1970,646000
Northern Territory,number,Total cattle,1970,1179000
Australian Capital Territory,number,Total cattle,1970,15000
New South Wales,number,Total cattle,1971,6493800
Victoria,number,Total cattle,1971,5060700
Queensland,number,Total cattle,1971,7944000
South Australia,number,Total cattle,1971,1196400
Western Australia,number,Total cattle,1971,1781000
Tasmania,number,Total cattle,1971,733000
Northern Territory,number,Total cattle,1971,1145000
Australian Capital Territory,number,Total cattle,1971,18000
New South Wales,number,Total cattle,1972,7409500
Victoria,number,Total cattle,1972,5456600
Queensland,number,Total cattle,1972,9021000
South Australia,number,Total cattle,1972,1495000
Western Australia,number,Total cattle,1972,1975000
Tasmania,number,Total cattle,1972,829000
Northern Territory,number,Total cattle,1972,1166000
Australian Capital Territory,number,Total cattle,1972,20000
New South Wales,number,Total cattle,1973,7918400
Victoria,number,Total cattle,1973,5464500
Queensland,number,Total cattle,1973,9795000
South Australia,number,Total cattle,1973,1583300
Western Australia,number,Total cattle,1973,2182000
Tasmania,number,Total cattle,1973,900000
Northern Territory,number,Total cattle,1973,1237000
Australian Capital Territory,number,Total cattle,1973,19000
New South Wales,number,Total cattle,1974,8456400
Victoria,number,Total cattle,1974,5839700
Queensland,number,Total cattle,1974,10297000
South Australia,number,Total cattle,1974,1691600
Western Australia,number,Total cattle,1974,2330000
Tasmania,number,Total cattle,1974,884000
Northern Territory,number,Total cattle,1974,1321000
Australian Capital Territory,number,Total cattle,1974,19000
New South Wales,number,Total cattle,1975,8935100
Victoria,number,Total cattle,1975,6192400
Queensland,number,Total cattle,1975,10879000
South Australia,number,Total cattle,1975,1868700
Western Australia,number,Total cattle,1975,2544000
Tasmania,number,Total cattle,1975,921000
Northern Territory,number,Total cattle,1975,1434000
Australian Capital Territory,number,Total cattle,1975,18800
New South Wales,number,Total cattle,1976,9138000
Victoria,number,Total cattle,1976,5868400
Queensland,number,Total cattle,1976,11347000
South Australia,number,Total cattle,1976,1891200
Western Australia,number,Total cattle,1976,2654000
Tasmania,number,Total cattle,1976,909000
Northern Territory,number,Total cattle,1976,1603000
Australian Capital Territory,number,Total cattle,1976,23000
New South Wales,number,Total cattle,1977,8348500
Victoria,number,Total cattle,1977,5104300
Queensland,number,Total cattle,1977,11506400
South Australia,number,Total cattle,1977,1607800
Western Australia,number,Total cattle,1977,2464000
Tasmania,number,Total cattle,1977,819000
Northern Territory,number,Total cattle,1977,1664000
Australian Capital Territory,number,Total cattle,1977,19000
New South Wales,number,Total cattle,1978,7330000
Victoria,number,Total cattle,1978,4572400
Queensland,number,Total cattle,1978,11490200
South Australia,number,Total cattle,1978,1242500
Western Australia,number,Total cattle,1978,2271000
Tasmania,number,Total cattle,1978,733000
Northern Territory,number,Total cattle,1978,1674000
Australian Capital Territory,number,Total cattle,1978,16900
New South Wales,number,Total cattle,1979,6484000
Victoria,number,Total cattle,1979,4134400
Queensland,number,Total cattle,1979,10859500
South Australia,number,Total cattle,1979,1085900
Western Australia,number,Total cattle,1979,2092000
Tasmania,number,Total cattle,1979,657000
Northern Territory,number,Total cattle,1979,1785000
Australian Capital Territory,number,Total cattle,1979,14200
New South Wales,number,Total cattle,1980,6097000
Victoria,number,Total cattle,1980,4252300
Queensland,number,Total cattle,1980,10331700
South Australia,number,Total cattle,1980,1067000
Western Australia,number,Total cattle,1980,2065000
Tasmania,number,Total cattle,1980,649000
Northern Territory,number,Total cattle,1980,1727000
Australian Capital Territory,number,Total cattle,1980,14000
New South Wales,number,Total cattle,1981,5459000
Victoria,number,Total cattle,1981,4313000
Queensland,number,Total cattle,1981,9925000
South Australia,number,Total cattle,1981,1091000
Western Australia,number,Total cattle,1981,2034000
Tasmania,number,Total cattle,1981,659000
Northern Territory,number,Total cattle,1981,1675000
Australian Capital Territory,number,Total cattle,1981,12000
New South Wales,number,Total cattle,1982,5379000
Victoria,number,Total cattle,1982,4137000
Queensland,number,Total cattle,1982,9765000
South Australia,number,Total cattle,1982,1010000
Western Australia,number,Total cattle,1982,1935000
Tasmania,number,Total cattle,1982,628000
Northern Territory,number,Total cattle,1982,1622000
Australian Capital Territory,number,Total cattle,1982,14000
New South Wales,number,Total cattle,1983,5018000
Victoria,number,Total cattle,1983,3408300
Queensland,number,Total cattle,1983,9349500
South Australia,number,Total cattle,1983,828300
Western Australia,number,Total cattle,1983,1754200
Tasmania,number,Total cattle,1983,559200
Northern Territory,number,Total cattle,1983,1547700
Australian Capital Territory,number,Total cattle,1983,10200
New South Wales,number,Total cattle,1984,5035500
Victoria,number,Total cattle,1984,3487000
Queensland,number,Total cattle,1984,9154400
South Australia,number,Total cattle,1984,812600
Western Australia,number,Total cattle,1984,1729500
Tasmania,number,Total cattle,1984,542100
Northern Territory,number,Total cattle,1984,1390100
Australian Capital Territory,number,Total cattle,1984,9900
New South Wales,number,Total cattle,1985,5225500
Victoria,number,Total cattle,1985,3575700
Queensland,number,Total cattle,1985,9413200
South Australia,number,Total cattle,1985,846400
Western Australia,number,Total cattle,1985,1673500
Tasmania,number,Total cattle,1985,553600
Northern Territory,number,Total cattle,1985,1484000
Australian Capital Territory,number,Total cattle,1985,11100
New South Wales,number,Total cattle,1986,5409300
Victoria,number,Total cattle,1986,3719700
Queensland,number,Total cattle,1986,9662000
South Australia,number,Total cattle,1986,914500
Western Australia,number,Total cattle,1986,1690100
Tasmania,number,Total cattle,1986,570300
Northern Territory,number,Total cattle,1986,1457600
Australian Capital Territory,number,Total cattle,1986,12700
New South Wales,number,Total cattle,1987,4868000
Victoria,number,Total cattle,1987,3478000
Queensland,number,Total cattle,1987,9011500
South Australia,number,Total cattle,1987,911700
Western Australia,number,Total cattle,1987,1659500
Tasmania,number,Total cattle,1987,534800
Northern Territory,number,Total cattle,1987,1439300
Australian Capital Territory,number,Total cattle,1987,11800
New South Wales,number,Total cattle,1988,4961800
Victoria,number,Total cattle,1988,3473500
Queensland,number,Total cattle,1988,8825200
South Australia,number,Total cattle,1988,947200
Western Australia,number,Total cattle,1988,1705200
Tasmania,number,Total cattle,1988,542200
Northern Territory,number,Total cattle,1988,1384900
Australian Capital Territory,number,Total cattle,1988,10800
New South Wales,number,Total cattle,1989,5328600
Victoria,number,Total cattle,1989,3508600
Queensland,number,Total cattle,1989,8993800
South Australia,number,Total cattle,1989,942500
Western Australia,number,Total cattle,1989,1701700
Tasmania,number,Total cattle,1989,560400
Northern Territory,number,Total cattle,1989,1388000
Australian Capital Territory,number,Total cattle,1989,10600
New South Wales,number,Total cattle,1990,5505700
Victoria,number,Total cattle,1990,3645700
Queensland,number,Total cattle,1990,9488900
South Australia,number,Total cattle,1990,969100
Western Australia,number,Total cattle,1990,1673000
Tasmania,number,Total cattle,1990,569000
Northern Territory,number,Total cattle,1990,1327100
Australian Capital Territory,number,Total cattle,1990,12100
New South Wales,number,Total cattle,1991,5653400
Victoria,number,Total cattle,1991,3631400
Queensland,number,Total cattle,1991,9855500
South Australia,number,Total cattle,1991,990100
Western Australia,number,Total cattle,1991,1583800
Tasmania,number,Total cattle,1991,584300
Northern Territory,number,Total cattle,1991,1352600
Australian Capital Territory,number,Total cattle,1991,11200
New South Wales,number,Total cattle,1992,5697200
Victoria,number,Total cattle,1992,3574200
Queensland,number,Total cattle,1992,10005300
South Australia,number,Total cattle,1992,1016500
Western Australia,number,Total cattle,1992,1649100
Tasmania,number,Total cattle,1992,592700
Northern Territory,number,Total cattle,1992,1334300
Australian Capital Territory,number,Total cattle,1992,10800
New South Wales,number,Total cattle,1993,5783100
Victoria,number,Total cattle,1993,3689200
Queensland,number,Total cattle,1993,9873000
South Australia,number,Total cattle,1993,1104200
Western Australia,number,Total cattle,1993,1648200
Tasmania,number,Total cattle,1993,604700
Northern Territory,number,Total cattle,1993,1347200
Australian Capital Territory,number,Total cattle,1993,12200
New South Wales,number,Total cattle,1994,6515100
Victoria,number,Total cattle,1994,4188700
Queensland,number,Total cattle,1994,9942400
South Australia,number,Total cattle,1994,1202200
Western Australia,number,Total cattle,1994,1805500
Tasmania,number,Total cattle,1994,678900
Northern Territory,number,Total cattle,1994,1435500
Australian Capital Territory,number,Total cattle,1994,13400
New South Wales,number,Total cattle,1995,6236400
Victoria,number,Total cattle,1995,4279800
Queensland,number,Total cattle,1995,9973600
South Australia,number,Total cattle,1995,1216000
Western Australia,number,Total cattle,1995,1899100
Tasmania,number,Total cattle,1995,692700
Northern Territory,number,Total cattle,1995,1420900
Australian Capital Territory,number,Total cattle,1995,12800
New South Wales,number,Total cattle,1996,6390400
Victoria,number,Total cattle,1996,4395900
Queensland,number,Total cattle,1996,10214400
South Australia,number,Total cattle,1996,1218700
Western Australia,number,Total cattle,1996,1923700
Tasmania,number,Total cattle,1996,717600
Northern Territory,number,Total cattle,1996,1503100
Australian Capital Territory,number,Total cattle,1996,13700
New South Wales,number,Total cattle,1997,6510600
Victoria,number,Total cattle,1997,4410600
Queensland,number,Total cattle,1997,10415000
South Australia,number,Total cattle,1997,1181100
Western Australia,number,Total cattle,1997,1908700
Tasmania,number,Total cattle,1997,725200
Northern Territory,number,Total cattle,1997,1530200
Australian Capital Territory,number,Total cattle,1997,13300
New South Wales,number,Total cattle,1998,6351100
Victoria,number,Total cattle,1998,4141600
Queensland,number,Total cattle,1998,10867200
South Australia,number,Total cattle,1998,1213700
Western Australia,number,Total cattle,1998,1972500
Tasmania,number,Total cattle,1998,728100
Northern Territory,number,Total cattle,1998,1567200
Australian Capital Territory,number,Total cattle,1998,9900
New South Wales,number,Total cattle,1999,6290600
Victoria,number,Total cattle,1999,4125000
Queensland,number,Total cattle,1999,10747600
South Australia,number,Total cattle,1999,1182800
Western Australia,number,Total cattle,1999,1930800
Tasmania,number,Total cattle,1999,724400
Northern Territory,number,Total cattle,1999,1567000
Australian Capital Territory,number,Total cattle,1999,9700
New South Wales,number,Total cattle,2000,5970200
Victoria,number,Total cattle,2000,4263700
Queensland,number,Total cattle,2000,11807700
South Australia,number,Total cattle,2000,1183800
Western Australia,number,Total cattle,2000,2164600
Tasmania,number,Total cattle,2000,616600
Northern Territory,number,Total cattle,2000,1570200
Australian Capital Territory,number,Total cattle,2000,10200
New South Wales,number,Total cattle,2001,6214500
Victoria,number,Total cattle,2001,4405400
Queensland,number,Total cattle,2001,11375800
South Australia,number,Total cattle,2001,1241800
Western Australia,number,Total cattle,2001,2127800
Tasmania,number,Total cattle,2001,636300
Northern Territory,number,Total cattle,2001,0
Australian Capital Territory,number,Total cattle,2001,0
New South Wales,number,Total cattle,2002,6020800
Victoria,number,Total cattle,2002,4412500
Queensland,number,Total cattle,2002,11544000
South Australia,number,Total cattle,2002,1380900
Western Australia,number,Total cattle,2002,2103600
Tasmania,number,Total cattle,2002,618800
Northern Territory,number,Total cattle,2002,0
Australian Capital Territory,number,Total cattle,2002,0
New South Wales,number,Total cattle,2003,5817100
Victoria,number,Total cattle,2003,4387600
Queensland,number,Total cattle,2003,10739900
South Australia,number,Total cattle,2003,1400700
Western Australia,number,Total cattle,2003,1945200
Tasmania,number,Total cattle,2003,681500
Northern Territory,number,Total cattle,2003,0
Australian Capital Territory,number,Total cattle,2003,0
New South Wales,number,Total cattle,2004,5815600
Victoria,number,Total cattle,2004,4280600
Queensland,number,Total cattle,2004,11499700
South Australia,number,Total cattle,2004,1352400
Western Australia,number,Total cattle,2004,2095100
Tasmania,number,Total cattle,2004,684100
Northern Territory,number,Total cattle,2004,np
Australian Capital Territory,number,Total cattle,2004,7600
New South Wales,number,Total cattle,2005,5734300
Victoria,number,Total cattle,2005,4509200
Queensland,number,Total cattle,2005,11600200
South Australia,number,Total cattle,2005,1383700
Western Australia,number,Total cattle,2005,2127000
Tasmania,number,Total cattle,2005,689000
Northern Territory,number,Total cattle,2005,np
Australian Capital Territory,number,Total cattle,2005,9300
New South Wales,number,Total cattle,2006,6211200
Victoria,number,Total cattle,2006,4403200
Queensland,number,Total cattle,2006,11547500
South Australia,number,Total cattle,2006,1329100
Western Australia,number,Total cattle,2006,2390900
Tasmania,number,Total cattle,2006,704000
Northern Territory,number,Total cattle,2006,1798200
Australian Capital Territory,number,Total cattle,2006,9200
New South Wales,number,Total cattle,2007,5934700
Victoria,number,Total cattle,2007,4243000
Queensland,number,Total cattle,2007,11683600
South Australia,number,Total cattle,2007,1242400
Western Australia,number,Total cattle,2007,2327300
Tasmania,number,Total cattle,2007,682400
Northern Territory,number,Total cattle,2007,1912200
Australian Capital Territory,number,Total cattle,2007,11000
New South Wales,number,Total cattle,2008,5650900
Victoria,number,Total cattle,2008,3837400
Queensland,number,Total cattle,2008,11904600
South Australia,number,Total cattle,2008,1126000
Western Australia,number,Total cattle,2008,2113400
Tasmania,number,Total cattle,2008,641700
Northern Territory,number,Total cattle,2008,2040800
Australian Capital Territory,number,Total cattle,2008,6000
New South Wales,number,Total cattle,2009,5856300
Victoria,number,Total cattle,2009,3853500
Queensland,number,Total cattle,2009,12332400
South Australia,number,Total cattle,2009,1207100
Western Australia,number,Total cattle,2009,2318300
Tasmania,number,Total cattle,2009,651600
Northern Territory,number,Total cattle,2009,1680500
Australian Capital Territory,number,Total cattle,2009,7000
New South Wales,number,Total cattle,2010,5455400
Victoria,number,Total cattle,2010,3668200
Queensland,number,Total cattle,2010,11355500
South Australia,number,Total cattle,2010,1042400
Western Australia,number,Total cattle,2010,2319200
Tasmania,number,Total cattle,2010,637400
Northern Territory,number,Total cattle,2010,2065700
Australian Capital Territory,number,Total cattle,2010,6300
New South Wales,number,Total cattle,2011,5709800
Victoria,number,Total cattle,2011,3969900
Queensland,number,Total cattle,2011,12611900
South Australia,number,Total cattle,2011,1252200
Western Australia,number,Total cattle,2011,2067100
Tasmania,number,Total cattle,2011,689200
Northern Territory,number,Total cattle,2011,2197400
Australian Capital Territory,number,Total cattle,2011,8800
New South Wales,number,Total cattle,2012,5837691
Victoria,number,Total cattle,2012,4113755
Queensland,number,Total cattle,2012,12160877
South Australia,number,Total cattle,2012,1331247
Western Australia,number,Total cattle,2012,2067623
Tasmania,number,Total cattle,2012,703967
Northern Territory,number,Total cattle,2012,2195245
Australian Capital Territory,number,Total cattle,2012,8018
New South Wales,number,Total cattle,2013,5953222
Victoria,number,Total cattle,2013,4228971
Queensland,number,Total cattle,2013,12798010
South Australia,number,Total cattle,2013,1326844
Western Australia,number,Total cattle,2013,2004424
Tasmania,number,Total cattle,2013,769875
Northern Territory,number,Total cattle,2013,2199864
Australian Capital Territory,number,Total cattle,2013,9560
New South Wales,number,Total cattle,2014,5662941
Victoria,number,Total cattle,2014,4217692
Queensland,number,Total cattle,2014,12931794
South Australia,number,Total cattle,2014,1245284
Western Australia,number,Total cattle,2014,2109223
Tasmania,number,Total cattle,2014,765656
Northern Territory,number,Total cattle,2014,2164332
Australian Capital Territory,number,Total cattle,2014,6033
New South Wales,number,Total cattle,2015,5591797
Victoria,number,Total cattle,2015,4128535
Queensland,number,Total cattle,2015,11347001
South Australia,number,Total cattle,2015,1142098
Western Australia,number,Total cattle,2015,2366728
Tasmania,number,Total cattle,2015,715777
Northern Territory,number,Total cattle,2015,2114568
Australian Capital Territory,number,Total cattle,2015,6367
New South Wales,number,Total cattle,2016,4997700
Victoria,number,Total cattle,2016,3483990
Queensland,number,Total cattle,2016,10544965
South Australia,number,Total cattle,2016,1048606
Western Australia,number,Total cattle,2016,2003253
Tasmania,number,Total cattle,2016,648486
Northern Territory,number,Total cattle,2016,2238375
Australian Capital Territory,number,Total cattle,2016,5974
New South Wales,number,Total cattle,2017,5287166
Victoria,number,Total cattle,2017,3609826
Queensland,number,Total cattle,2017,11143514
South Australia,number,Total cattle,2017,1083067
Western Australia,number,Total cattle,2017,2127743
Tasmania,number,Total cattle,2017,730228
Northern Territory,number,Total cattle,2017,2188589
Australian Capital Territory,number,Total cattle,2017,5389
New South Wales,number,Total cattle,2018,4727055
Victoria,number,Total cattle,2018,3763960
Queensland,number,Total cattle,2018,12050983
South Australia,number,Total cattle,2018,1027258
Western Australia,number,Total cattle,2018,2015183
Tasmania,number,Total cattle,2018,686255
Northern Territory,number,Total cattle,2018,2119265
Australian Capital Territory,number,Total cattle,2018,5775
New South Wales,number,Total cattle,2019,4043055
Victoria,number,Total cattle,2019,3603194
Queensland,number,Total cattle,2019,11295125
South Australia,number,Total cattle,2019,981032
Western Australia,number,Total cattle,2019,1989025
Tasmania,number,Total cattle,2019,662088
Northern Territory,number,Total cattle,2019,2146938
Australian Capital Territory,number,Total cattle,2019,3001
New South Wales,number,Total cattle,2020,3857038
Victoria,number,Total cattle,2020,3514368
Queensland,number,Total cattle,2020,10499555
South Australia,number,Total cattle,2020,1023836
Western Australia,number,Total cattle,2020,2031861
Tasmania,number,Total cattle,2020,775363
Northern Territory,number,Total cattle,2020,1798845
Australian Capital Territory,number,Total cattle,2020,2371
New South Wales,number,Total cattle,2021,4430254
Victoria,number,Total cattle,2021,3576654
Queensland,number,Total cattle,2021,10728619
South Australia,number,Total cattle,2021,1047765
Western Australia,number,Total cattle,2021,2132146
Tasmania,number,Total cattle,2021,780073
Northern Territory,number,Total cattle,2021,1731707
Australian Capital Territory,number,Total cattle,2021,3957
New South Wales,number,Total cattle,2022,4654901
Victoria,number,Total cattle,2022,3475078
Queensland,number,Total cattle,2022,10879265
South Australia,number,Total cattle,2022,1052173
Western Australia,number,Total cattle,2022,2000114
Tasmania,number,Total cattle,2022,744893
Northern Territory,number,Total cattle,2022,1587490
Australian Capital Territory,number,Total cattle,2022,4912
